timestamp,student_id,exercise_id,is_correct,spent_time
1652440345,45,2,True,485
1652440446,32,2,True,579
1652440481,3,2,True,474
1652440618,27,2,True,604
1652440633,45,1,True,773
1652440660,22,2,True,757
1652440669,4,2,False,639
1652440735,4,2,True,705
1652440740,32,1,True,873
1652440747,35,2,False,872
1652440782,49,2,False,879
1652440826,28,2,True,906
1652440887,12,2,True,710
1652440911,49,2,False,1008
1652440923,23,2,False,1020
1652440924,13,2,True,914
1652440955,6,2,True,968
1652440968,49,2,False,1065
1652440984,45,4,True,1124
1652440985,35,2,False,1110
1652440992,4,1,True,962
1652441000,32,4,True,1133
1652441010,37,2,True,1009
1652441061,49,2,False,1158
1652441084,35,2,False,1209
1652441088,44,2,False,1193
1652441095,18,2,False,1074
1652441144,29,2,False,1252
1652441148,22,1,True,1245
1652441167,27,1,False,1153
1652441181,11,2,True,1226
1652441191,15,2,True,1235
1652441196,31,2,False,1331
1652441205,40,2,False,1167
1652441217,34,2,False,1275
1652441231,49,2,False,1328
1652441232,41,2,True,1251
1652441250,47,2,True,1310
1652441257,3,1,True,1250
1652441277,40,2,False,1239
1652441294,32,3,False,1427
1652441312,43,2,False,1371
1652441354,4,4,False,1324
1652441369,35,2,True,1494
1652441372,40,2,True,1334
1652441380,49,2,True,1477
1652441385,5,2,False,1380
1652441407,19,2,True,1492
1652441462,22,4,False,1559
1652441463,20,2,True,1480
1652441481,0,2,True,1547
1652441486,11,1,True,1531
1652441491,29,2,True,1599
1652441496,6,1,True,1509
1652441501,15,1,True,1545
1652441544,49,1,False,1641
1652441553,34,2,True,1611
1652441556,50,2,True,1550
1652441570,23,2,False,1667
1652441572,54,2,True,1592
1652441578,24,2,True,1689
1652441592,37,1,True,1591
1652441610,12,1,False,1433
1652441625,5,2,True,1620
1652441629,32,0,True,1762
1652441658,47,1,True,1718
1652441660,33,2,True,1678
1652441662,8,2,False,1741
1652441670,40,1,False,1632
1652441725,50,1,True,1719
1652441726,17,2,False,841
1652441741,13,1,False,1731
1652441758,4,3,False,1728
1652441760,41,1,True,1779
1652441768,3,4,True,1761
1652441786,30,2,True,1795
1652441789,7,2,True,1588
1652441805,4,4,False,1775
1652441823,45,3,True,1963
1652441838,40,1,True,1800
1652441844,18,2,True,1823
1652441851,32,3,False,1984
1652441867,20,1,True,1884
1652441881,11,4,True,1926
1652441900,28,1,True,1980
1652441903,50,4,True,1897
1652441925,8,2,True,2004
1652441925,36,2,False,1930
1652441927,23,2,True,2024
1652441929,22,3,False,2026
1652441929,37,4,False,1928
1652441934,16,2,False,1954
1652441936,32,3,True,2069
1652441936,6,4,True,1949
1652441957,12,4,False,1780
1652441963,25,2,True,1906
1652441981,0,1,True,2047
1652442000,15,4,True,2044
1652442068,44,2,True,2173
1652442093,4,4,True,2063
1652442093,17,1,True,1208
1652442108,13,4,True,2098
1652442121,22,4,True,2218
1652442122,29,1,True,2230
1652442149,3,3,True,2142
1652442156,41,4,True,2175
1652442170,49,1,True,2267
1652442187,1,2,True,2099
1652442200,12,1,True,2023
1652442204,13,1,True,2194
1652442205,24,1,True,2316
1652442211,12,4,True,2034
1652442212,35,1,True,2337
1652442216,27,4,False,2202
1652442222,23,1,False,2319
1652442296,31,2,False,2431
1652442297,11,3,True,2342
1652442298,50,3,False,2292
1652442305,34,1,False,2363
1652442307,40,4,True,2269
1652442308,47,4,True,2368
1652442309,43,2,True,2368
1652442360,31,2,False,2495
1652442361,17,2,False,1476
1652442390,28,4,True,2470
1652442395,33,1,True,2413
1652442401,7,1,True,2200
1652442407,19,1,True,2492
1652442416,31,1,False,2551
1652442419,8,1,False,2498
1652442420,44,1,True,2525
1652442422,0,4,True,2488
1652442430,30,1,False,2439
1652442440,22,3,False,2537
1652442441,49,4,True,2538
1652442450,9,2,True,2540
1652442476,1,1,True,2388
1652442478,30,1,True,2487
1652442494,29,4,True,2602
1652442503,27,1,False,2489
1652442522,6,3,True,2535
1652442525,4,3,False,2495
1652442554,51,2,True,2559
1652442567,37,4,True,2566
1652442576,15,3,True,2620
1652442616,45,0,True,2756
1652442629,52,2,False,2729
1652442677,35,4,True,2802
1652442688,27,4,False,2674
1652442696,11,0,True,2741
1652442700,36,1,False,2705
1652442736,18,1,True,2715
1652442758,34,4,True,2816
1652442775,17,4,True,1890
1652442780,16,2,True,2800
1652442789,44,4,True,2894
1652442797,2,2,True,2371
1652442806,43,1,True,2865
1652442808,7,4,True,2607
1652442835,41,3,False,2854
1652442862,49,3,False,2959
1652442863,37,3,True,2862
1652442872,8,4,False,2951
1652442877,20,4,True,2894
1652442879,23,1,True,2976
1652442891,23,4,True,2988
1652442896,52,2,True,2996
1652442921,24,4,True,3032
1652442924,19,4,True,3009
1652442939,34,1,True,2997
1652442951,4,0,True,2921
1652442973,36,2,False,2978
1652442987,31,2,False,3122
1652443009,4,3,False,2979
1652443026,31,1,True,3161
1652443053,38,2,True,3038
1652443060,40,3,False,3022
1652443076,8,1,True,3155
1652443092,27,1,True,3078
1652443093,6,0,True,3106
1652443093,54,1,True,3113
1652443095,3,0,True,3088
1652443101,12,3,True,2924
1652443106,1,4,True,3018
1652443146,5,4,False,3141
1652443163,33,4,True,3181
1652443171,30,4,True,3180
1652443182,36,1,False,3187
1652443210,43,4,True,3269
1652443224,16,1,False,3244
1652443226,22,0,True,3323
1652443251,31,2,False,3386
1652443257,47,3,True,3317
1652443262,25,1,True,3205
1652443266,50,0,True,3260
1652443271,5,1,True,3266
1652443295,29,3,True,3403
1652443303,41,3,False,3322
1652443319,18,4,True,3298
1652443321,21,2,False,3376
1652443324,28,3,False,3404
1652443369,22,3,True,3466
1652443410,50,3,False,3404
1652443436,27,4,True,3422
1652443474,49,0,False,3571
1652443477,35,3,True,3602
1652443483,44,3,True,3588
1652443496,13,0,True,3486
1652443514,7,3,True,3313
1652443522,2,1,True,3096
1652443530,0,3,True,3596
1652443560,17,3,False,2675
1652443593,20,3,False,3610
1652443625,51,1,True,3630
1652443693,49,3,True,3790
1652443718,38,1,True,3703
1652443724,31,2,True,3859
1652443743,4,3,False,3713
1652443744,31,4,True,3879
1652443744,34,3,False,3802
1652443746,41,3,False,3765
1652443747,53,2,True,3658
1652443808,19,3,False,3893
1652443818,12,0,True,3641
1652443824,27,3,False,3810
1652443825,1,3,False,3737
1652443827,5,3,True,3822
1652443854,23,3,True,3951
1652443867,36,2,False,3872
1652443879,9,1,True,3969
1652443892,7,0,True,3691
1652443903,43,3,False,3962
1652443905,36,2,True,3910
1652443921,36,1,True,3926
1652443936,35,0,True,4061
1652443948,8,3,False,4027
1652443983,16,1,False,4003
1652443999,4,3,False,3969
1652444003,16,1,True,4023
1652444012,36,4,True,4017
1652444018,40,0,True,3980
1652444033,17,0,True,3148
1652444039,15,0,True,4083
1652444046,0,0,True,4112
1652444069,54,4,True,4089
1652444095,24,3,True,4206
1652444111,17,3,False,3226
1652444125,40,3,False,4087
1652444131,44,0,True,4236
1652444136,37,0,True,4135
1652444169,16,4,True,4189
1652444185,41,3,True,4204
1652444197,25,4,True,4140
1652444213,27,0,True,4199
1652444259,28,0,True,4339
1652444300,52,1,False,4400
1652444311,23,0,True,4408
1652444315,33,3,True,4333
1652444320,27,3,False,4306
1652444335,20,0,True,4352
1652444343,18,3,True,4322
1652444344,30,3,True,4353
1652444345,13,3,True,4335
1652444371,19,0,True,4456
1652444433,2,4,True,4007
1652444458,17,2,True,3573
1652444463,41,0,True,4482
1652444474,31,3,False,4609
1652444488,8,3,False,4567
1652444495,51,4,True,4500
1652444512,21,2,False,4567
1652444549,29,0,False,4657
1652444587,19,3,True,4672
1652444595,43,0,False,4654
1652444654,38,4,True,4639
1652444673,28,3,True,4753
1652444688,16,3,True,4708
1652444692,47,0,True,4752
1652444699,40,3,True,4661
1652444704,17,3,False,3819
1652444714,24,0,True,4825
1652444734,27,3,False,4720
1652444737,1,3,True,4649
1652444747,53,1,True,4658
1652444780,9,4,True,4870
1652444798,4,3,True,4768
1652444808,49,0,True,4905
1652444812,54,3,False,4832
1652444938,50,3,True,4932
1652444941,20,3,True,4958
1652444956,29,0,True,5064
1652444961,31,3,True,5096
1652445030,17,3,True,4145
1652445033,33,0,True,5051
1652445040,8,0,True,5119
1652445047,43,3,False,5106
1652445062,21,1,True,5117
1652445144,8,3,False,5223
1652445160,18,0,True,5139
1652445244,8,4,True,5323
1652445273,30,0,True,5282
1652445277,53,4,True,5188
1652445311,5,4,True,5306
1652445319,1,0,True,5231
1652445366,43,0,True,5425
1652445389,21,2,True,5444
1652445480,27,3,True,5466
1652445528,25,3,False,5471
1652445555,34,0,True,5613
1652445642,8,3,True,5721
1652445670,16,0,True,5690
1652445715,38,3,False,5700
1652445716,43,3,False,5775
1652445732,34,3,True,5790
1652445819,2,3,True,5393
1652445914,54,0,True,5934
1652445959,25,3,True,5902
1652446047,5,0,True,6042
1652446060,21,4,True,6115
1652446185,54,3,True,6205
1653045062,50,7,True,406
1653045071,16,7,True,471
1653045077,27,7,True,427
1653045119,4,7,False,535
1653045146,32,7,True,545
1653045158,45,7,True,577
1653045247,3,7,True,642
1653045266,6,7,True,607
1653045268,12,7,False,514
1653045286,40,7,True,616
1653045320,22,7,True,738
1653045324,37,7,False,726
1653045326,41,7,True,656
1653045367,4,5,True,783
1653045368,13,7,True,424
1653045435,25,7,False,795
1653045437,8,7,True,806
1653045451,17,7,True,539
1653045452,49,7,False,878
1653045454,30,7,True,797
1653045460,32,5,True,859
1653045474,12,7,True,720
1653045501,35,7,True,911
1653045524,18,7,True,914
1653045538,23,7,True,852
1653045538,20,7,True,728
1653045540,50,5,True,884
1653045566,15,7,True,446
1653045568,45,5,True,987
1653045571,33,7,True,924
1653045624,4,7,True,1040
1653045641,43,7,False,724
1653045700,44,7,True,592
1653045749,47,7,True,1073
1653045750,49,7,False,1176
1653045761,38,7,True,1073
1653045799,37,5,False,1201
1653045800,5,7,True,1196
1653045803,54,7,True,1085
1653045833,42,7,True,1187
1653045838,35,5,True,1248
1653045866,40,5,True,1196
1653045869,6,5,True,1210
1653045889,50,14,True,1233
1653045892,17,5,True,980
1653045926,45,14,True,1345
1653045934,32,14,True,1333
1653045947,25,5,False,1307
1653045955,41,5,True,1285
1653045960,22,5,True,1378
1653045965,49,7,True,1391
1653045988,27,14,True,1338
1653046010,9,7,True,1404
1653046033,31,7,True,1492
1653046042,36,7,False,1430
1653046070,43,7,True,1153
1653046078,13,14,False,1134
1653046079,34,7,True,1477
1653046089,19,7,True,1056
1653046112,49,5,True,1538
1653046113,14,7,True,1508
1653046148,44,5,False,1040
1653046162,30,5,True,1505
1653046195,0,7,True,593
1653046239,25,7,False,1599
1653046247,20,5,True,1437
1653046263,8,5,True,1632
1653046264,54,5,True,1546
1653046266,33,5,True,1619
1653046266,51,7,False,914
1653046272,8,14,True,1641
1653046276,16,5,True,1676
1653046283,7,7,True,1600
1653046292,29,7,True,1212
1653046310,35,14,False,1720
1653046335,4,14,False,1751
1653046359,13,14,False,1415
1653046403,43,5,True,1486
1653046433,40,14,True,1763
1653046444,3,14,True,1839
1653046448,48,7,True,1773
1653046470,42,5,False,1824
1653046500,25,7,False,1860
1653046509,6,14,True,1850
1653046519,28,5,True,1924
1653046535,23,5,True,1849
1653046560,25,5,False,1920
1653046600,25,7,True,1960
1653046620,41,14,True,1950
1653046622,17,14,True,1710
1653046623,50,9,True,1967
1653046633,49,14,False,2059
1653046656,0,5,True,1054
1653046691,21,7,True,2081
1653046692,14,5,True,2087
1653046697,44,14,False,1589
1653046721,51,7,False,1369
1653046739,54,14,True,2021
1653046769,18,5,True,2159
1653046774,24,7,False,2112
1653046782,44,5,False,1674
1653046786,15,14,False,1666
1653046788,31,5,True,2247
1653046793,5,5,True,2189
1653046801,25,5,True,2161
1653046814,35,14,True,2224
1653046820,4,9,False,2236
1653046825,30,14,True,2168
1653046836,22,14,True,2254
1653046839,7,14,False,2156
1653046895,38,5,True,2207
1653046918,34,5,True,2316
1653046919,33,14,False,2272
1653046934,20,14,True,2124
1653046961,51,7,False,1609
1653046988,32,9,True,2387
1653047009,49,14,False,2435
1653047015,27,9,True,2365
1653047040,50,8,True,2384
1653047057,51,7,True,1705
1653047075,36,7,False,2463
1653047077,37,14,False,2479
1653047085,3,8,False,2480
1653047085,36,5,True,2473
1653047099,7,14,False,2416
1653047129,13,9,False,2185
1653047160,37,7,False,2562
1653047171,37,5,True,2573
1653047171,0,14,True,1569
1653047177,42,14,True,2531
1653047178,37,14,False,2580
1653047197,28,14,False,2602
1653047226,52,7,True,2537
1653047233,45,9,True,2652
1653047245,50,10,True,2589
1653047249,13,14,True,2305
1653047258,19,5,False,2225
1653047262,6,9,True,2603
1653047263,47,5,True,2587
1653047307,4,14,True,2723
1653047310,48,5,True,2635
1653047334,17,9,True,2422
1653047338,7,14,True,2655
1653047340,27,8,True,2690
1653047342,42,5,True,2696
1653047374,41,9,True,2704
1653047374,51,5,True,2022
1653047383,44,14,False,2275
1653047394,35,9,True,2804
1653047426,4,9,True,2842
1653047431,43,14,False,2514
1653047466,8,9,False,2835
1653047472,15,14,False,2352
1653047476,3,10,True,2871
1653047506,14,14,False,2901
1653047531,3,8,True,2926
1653047537,16,14,False,2937
1653047556,13,9,False,2612
1653047588,34,14,True,2986
1653047592,27,10,True,2942
1653047593,22,9,True,3011
1653047593,49,14,False,3019
1653047606,21,5,True,2996
1653047613,32,8,True,3012
1653047619,29,5,False,2539
1653047656,8,9,False,3025
1653047704,9,5,False,3098
1653047748,23,14,False,3062
1653047764,44,5,False,2656
1653047790,49,14,False,3216
1653047820,27,5,True,3170
1653047828,45,8,True,3247
1653047877,12,5,True,3123
1653047887,33,9,False,3240
1653047892,6,8,True,3233
1653047896,13,9,True,2952
1653047904,49,9,False,3330
1653047934,44,14,True,2826
1653048021,32,10,True,3420
1653048033,31,14,False,3492
1653048036,17,8,False,3124
1653048046,38,14,False,3358
1653048051,54,9,True,3333
1653048054,25,14,True,3414
1653048065,44,5,False,2957
1653048070,19,5,True,3037
1653048079,19,14,True,3046
1653048093,33,9,True,3446
1653048105,12,14,False,3351
1653048108,35,8,True,3518
1653048112,30,9,True,3455
1653048120,16,14,True,3520
1653048126,15,5,True,3006
1653048153,4,8,True,3569
1653048191,45,10,True,3610
1653048194,41,8,True,3524
1653048207,40,9,True,3537
1653048210,33,14,False,3563
1653048213,49,14,False,3639
1653048246,6,10,True,3587
1653048247,24,5,False,3585
1653048251,8,8,True,3620
1653048259,28,10,True,3664
1653048312,4,10,True,3728
1653048316,49,9,False,3742
1653048334,29,5,True,3254
1653048345,51,14,True,2993
1653048380,20,9,True,3570
1653048390,0,9,True,2788
1653048392,7,10,False,3709
1653048502,15,14,True,3382
1653048503,8,10,False,3872
1653048510,28,14,True,3915
1653048542,12,14,False,3788
1653048552,35,10,False,3962
1653048552,53,7,True,3891
1653048563,7,10,True,3880
1653048567,37,7,True,3969
1653048604,8,9,True,3973
1653048635,49,14,False,4061
1653048637,24,7,True,3975
1653048667,5,14,False,4063
1653048672,49,9,False,4098
1653048677,36,14,False,4065
1653048686,48,14,True,4011
1653048722,54,8,True,4004
1653048768,3,9,True,4163
1653048778,8,10,True,4147
1653048811,17,10,True,3899
1653048816,19,9,True,3783
1653048863,21,14,True,4253
1653048894,47,14,True,4218
1653048906,49,9,True,4332
1653048909,12,10,False,4155
1653048914,17,8,True,4002
1653048947,35,10,False,4357
1653048952,9,14,False,4346
1653048974,49,14,False,4400
1653048988,40,8,False,4318
1653049002,37,10,True,4404
1653049049,14,9,False,4444
1653049086,3,5,True,4481
1653049086,7,5,True,4403
1653049113,42,9,False,4467
1653049142,9,5,True,4536
1653049156,5,14,False,4552
1653049161,13,8,True,4217
1653049165,30,8,True,4508
1653049170,20,8,True,4360
1653049199,40,8,False,4529
1653049215,54,10,True,4497
1653049224,7,9,False,4541
1653049234,28,7,True,4639
1653049253,5,14,True,4649
1653049263,49,14,True,4689
1653049273,33,8,False,4626
1653049275,49,8,False,4701
1653049276,0,8,False,3674
1653049300,9,14,False,4694
1653049326,9,14,False,4720
1653049341,40,10,True,4671
1653049363,35,10,False,4773
1653049430,13,10,False,4486
1653049464,35,10,True,4874
1653049464,44,9,True,4356
1653049486,33,14,False,4839
1653049492,22,10,True,4910
1653049546,37,14,False,4948
1653049556,40,8,False,4886
1653049568,22,8,True,4986
1653049569,20,10,False,4759
1653049578,12,10,False,4824
1653049580,0,10,False,3978
1653049593,30,10,True,4936
1653049672,16,9,True,5072
1653049716,25,9,True,5076
1653049733,20,10,True,4923
1653049765,33,14,False,5118
1653049811,40,8,False,5141
1653049897,0,8,False,4295
1653049920,7,9,False,5237
1653049935,49,8,False,5361
1653049957,23,14,True,5271
1653050021,29,14,True,4941
1653050026,7,8,False,5343
1653050035,31,9,False,5494
1653050036,42,9,False,5390
1653050056,38,9,False,5368
1653050077,52,5,False,5388
1653050091,40,8,False,5421
1653050099,33,14,True,5452
1653050101,34,9,True,5499
1653050117,0,10,False,4515
1653050149,0,8,False,4547
1653050159,28,8,True,5564
1653050195,49,8,True,5621
1653050208,33,8,True,5561
1653050226,24,5,True,5564
1653050272,18,14,True,5662
1653050277,41,10,False,5607
1653050289,53,5,True,5628
1653050306,31,14,True,5765
1653050352,40,8,False,5682
1653050392,23,9,True,5706
1653050397,15,8,False,5277
1653050416,41,10,True,5746
1653050425,0,10,False,4823
1653050429,7,9,True,5746
1653050468,38,14,False,5780
1653050485,7,8,True,5802
1653050486,49,10,False,5912
1653050494,31,9,True,5953
1653050502,43,9,False,5585
1653050521,25,8,False,5881
1653050538,11,7,True,5358
1653050548,11,5,True,5368
1653050559,11,14,True,5379
1653050573,11,9,True,5393
1653050585,19,8,False,5552
1653050589,11,8,True,5409
1653050618,40,8,False,5948
1653050645,33,10,True,5998
1653050647,0,8,False,5045
1653050665,37,9,True,6067
1653050679,40,8,False,6009
1653050680,37,8,False,6082
1653050711,49,10,True,6137
1653050754,18,9,True,6144
1653050756,43,9,True,5839
1653050762,38,9,True,6074
1653050783,34,10,False,6181
1653050793,37,14,True,6195
1653050829,19,10,False,5796
1653050860,28,9,True,6265
1653050864,14,10,True,6259
1653050879,37,8,False,6281
1653050935,0,8,True,5333
1653050940,5,9,True,6336
1653050946,11,10,True,5766
1653050947,38,14,False,6259
1653050978,40,8,True,6308
1653050979,21,9,True,6369
1653050981,44,8,True,5873
1653050990,13,10,False,6046
1653050993,36,14,False,6381
1653051006,37,8,False,6408
1653051016,19,8,False,5983
1653051019,48,9,True,6344
1653051024,42,8,False,6378
1653051028,0,10,True,5426
1653051049,13,5,True,6105
1653051052,51,9,True,5700
1653051069,14,14,True,6464
1653051076,36,9,False,6464
1653051091,52,5,False,6402
1653649794,50,11,True,411
1653649877,3,11,True,476
1653649943,32,11,True,623
1653650016,11,11,True,416
1653650024,7,11,True,582
1653650036,22,11,True,704
1653650067,50,13,True,684
1653650099,45,11,True,769
1653650120,13,11,True,663
1653650131,54,11,False,727
1653650163,27,11,True,362
1653650181,7,13,True,739
1653650190,3,13,True,789
1653650191,32,13,True,871
1653650206,4,11,False,646
1653650219,54,11,True,815
1653650245,45,13,True,915
1653650247,33,11,True,823
1653650255,35,11,True,772
1653650264,22,13,True,932
1653650267,30,11,True,845
1653650287,11,13,True,687
1653650319,27,13,True,518
1653650330,28,11,False,947
1653650348,4,11,True,788
1653650349,17,11,False,836
1653650356,17,13,True,843
1653650378,32,18,False,1058
1653650382,50,18,False,999
1653650426,4,13,True,866
1653650442,5,11,False,1049
1653650475,37,11,True,984
1653650477,40,11,True,578
1653650531,43,11,True,721
1653650538,7,18,False,1096
1653650557,54,13,True,1153
1653650641,3,18,False,1240
1653650654,28,13,True,1271
1653650661,27,18,True,860
1653650668,49,13,False,1007
1653650672,30,13,True,1250
1653650674,35,13,True,1191
1653650679,4,18,True,1119
1653650684,32,18,False,1364
1653650702,40,13,True,803
1653650760,20,11,True,1346
1653650771,49,13,True,1110
1653650781,7,18,False,1339
1653650789,45,18,True,1459
1653650797,50,15,True,1414
1653650801,0,13,True,1433
1653650822,22,18,True,1490
1653650822,37,13,True,1331
1653650846,21,11,True,1363
1653650858,36,11,True,1538
1653650871,17,18,True,1358
1653650910,6,11,True,819
1653650913,50,18,False,1530
1653650946,7,18,True,1504
1653650978,47,11,False,1540
1653650986,43,13,True,1176
1653651001,15,11,True,935
1653651016,35,18,True,1533
1653651032,28,18,True,1649
1653651057,24,11,True,1683
1653651063,3,18,True,1662
1653651098,14,11,False,1703
1653651130,49,11,False,1469
1653651158,29,11,True,1750
1653651179,0,18,False,1811
1653651208,33,13,True,1784
1653651240,18,11,True,1761
1653651240,25,11,True,1878
1653651256,50,18,False,1873
1653651257,5,11,False,1864
1653651269,6,13,True,1178
1653651302,38,11,False,1807
1653651304,12,11,True,1164
1653651307,20,13,True,1893
1653651321,47,13,True,1883
1653651325,9,11,True,1977
1653651358,42,11,True,1923
1653651364,23,11,True,1913
1653651379,36,13,True,2059
1653651458,15,13,True,1392
1653651463,47,11,True,2025
1653651468,50,24,True,2085
1653651501,49,11,False,1840
1653651545,12,13,False,1405
1653651557,38,11,True,2062
1653651577,21,13,True,2094
1653651593,34,13,False,2086
1653651594,6,18,False,1503
1653651596,14,13,False,2201
1653651651,13,18,True,2194
1653651653,14,11,False,2258
1653651658,30,18,True,2236
1653651695,28,24,True,2312
1653651698,18,13,True,2219
1653651699,19,13,False,2277
1653651707,24,13,False,2333
1653651731,50,18,False,2348
1653651747,36,18,True,2427
1653651773,12,13,False,1633
1653651783,29,13,False,2375
1653651790,32,15,True,2470
1653651792,49,18,False,2131
1653651793,20,18,True,2379
1653651813,27,24,True,2012
1653651826,50,18,False,2443
1653651868,32,18,True,2548
1653651896,50,18,True,2513
1653651970,28,11,True,2587
1653651972,29,13,True,2564
1653651988,19,13,False,2566
1653651997,47,18,True,2559
1653652006,5,11,False,2613
1653652011,24,13,True,2637
1653652022,42,13,True,2587
1653652023,34,13,True,2516
1653652030,48,11,True,2444
1653652038,23,13,False,2587
1653652048,22,24,True,2716
1653652085,27,15,True,2284
1653652089,40,18,False,2190
1653652251,14,11,False,2856
1653652255,31,11,True,2810
1653652265,37,18,False,2774
1653652305,14,13,False,2910
1653652337,32,24,True,3017
1653652361,2,11,False,2440
1653652394,12,13,True,2254
1653652398,19,13,False,2976
1653652436,33,18,False,3012
1653652474,18,18,True,2995
1653652521,43,18,True,2711
1653652522,0,18,True,3154
1653652525,21,18,True,3042
1653652551,42,18,False,3116
1653652580,19,13,True,3158
1653652628,25,13,False,3266
1653652671,14,18,True,3276
1653652712,9,13,True,3364
1653652713,38,13,True,3218
1653652771,20,15,True,3357
1653652772,5,11,True,3379
1653652819,49,15,False,3158
1653652844,4,15,False,3284
1653652851,2,13,False,2930
1653652908,19,11,True,3486
1653652941,42,18,True,3506
1653652950,45,15,True,3620
1653652954,49,18,False,3293
1653653008,7,15,True,3566
1653653010,13,13,True,3553
1653653081,2,11,False,3160
1653653089,2,13,True,3168
1653653118,40,15,False,3219
1653653148,49,18,True,3487
1653653217,16,11,True,3870
1653653225,30,15,True,3803
1653653259,25,13,False,3897
1653653271,11,15,True,3671
1653653324,51,11,True,3738
1653653334,22,15,False,4002
1653653395,22,15,True,4063
1653653405,45,24,True,4075
1653653422,0,24,True,4054
1653653432,40,18,True,3533
1653653449,49,15,True,3788
1653653463,33,15,True,4039
1653653480,37,15,False,3989
1653653480,40,15,True,3581
1653653502,28,15,True,4119
1653653514,2,18,False,3593
1653653527,19,18,False,4105
1653653531,33,18,False,4107
1653653576,5,13,False,4183
1653653592,17,15,True,4079
1653653600,15,18,True,3534
1653653600,36,24,True,4280
1653653668,19,18,False,4246
1653653677,5,13,True,4284
1653653678,16,13,True,4331
1653653699,4,24,True,4139
1653653742,4,15,True,4182
1653653775,2,11,True,3854
1653653785,33,18,False,4361
1653653790,54,15,True,4386
1653653808,51,13,True,4222
1653653828,13,24,True,4371
1653653840,25,13,True,4478
1653653975,14,11,True,4580
1653654043,29,18,True,4635
1653654050,31,13,True,4605
1653654099,3,15,True,4698
1653654139,49,24,True,4478
1653654172,6,15,True,4081
1653654202,38,18,True,4707
1653654215,19,18,True,4793
1653654231,24,18,True,4857
1653654238,49,11,True,4577
1653654247,37,15,True,4756
1653654248,11,18,True,4648
1653654283,2,18,True,4362
1653654329,35,15,True,4846
1653654370,6,18,True,4279
1653654427,30,24,True,5005
1653654465,25,18,False,5103
1653654468,48,13,True,4882
1653654480,23,18,True,5029
1653654482,33,24,True,5058
1653654552,20,24,True,5138
1653654552,17,24,False,5039
1653654565,0,15,False,5197
1653654604,37,24,True,5113
1653654612,53,11,True,3931
1653654660,33,18,True,5236
1653654685,7,24,True,5243
1653654686,23,13,True,5235
1653654798,21,15,True,5315
1653654805,40,24,True,4906
1653654808,3,24,True,5407
1653654869,9,18,True,5521
1653654894,52,11,True,5484
1653654983,6,24,True,4892
1653654990,25,18,False,5628
1653655090,34,18,False,5583
1653655174,14,13,False,5779
1653655254,43,24,False,5444
1653655340,17,24,False,5827
1653655373,14,13,False,5978
1653655397,43,24,True,5587
1653655443,18,15,False,5964
1653655447,2,15,False,5526
1653655490,17,24,True,5977
1653655523,37,18,True,6032
1653655565,2,15,False,5644
1653655568,17,11,True,6055
1653655662,0,11,True,6294
1653655690,16,18,True,6343
1653655708,0,15,True,6340
1653655752,25,18,False,6390
1653655797,19,15,False,6375
1653655899,53,13,True,5218
1654859365,49,31,False,394
1654859366,45,31,True,408
1654859371,14,31,False,451
1654859394,27,31,True,474
1654859397,50,31,True,413
1654859417,7,31,True,442
1654859419,28,31,True,499
1654859442,3,31,True,522
1654859481,35,31,True,561
1654859497,22,31,True,577
1654859505,27,35,True,585
1654859506,49,31,False,535
1654859528,50,35,True,544
1654859569,8,31,True,649
1654859575,8,35,True,655
1654859597,14,31,False,677
1654859615,6,31,True,634
1654859616,20,31,True,607
1654859618,0,31,True,698
1654859648,40,31,True,459
1654859723,4,31,True,586
1654859760,28,35,True,840
1654859762,49,35,True,791
1654859795,50,49,True,811
1654859808,35,35,True,888
1654859808,7,35,True,833
1654859860,4,35,True,723
1654859874,22,35,True,954
1654859875,37,31,True,955
1654859895,14,35,True,975
1654859950,17,31,True,812
1654859998,45,35,True,1040
1654860025,4,49,True,888
1654860030,27,49,True,1110
1654860047,0,35,True,1127
1654860054,8,49,True,1134
1654860056,14,31,True,1136
1654860086,3,35,True,1166
1654860110,6,35,True,1129
1654860126,50,20,True,1142
1654860135,38,31,True,1009
1654860165,40,35,True,976
1654860204,20,35,True,1195
1654860230,35,49,True,1310
1654860236,54,31,False,1316
1654860253,7,49,True,1278
1654860257,28,49,True,1337
1654860281,37,35,True,1361
1654860316,4,20,True,1179
1654860322,49,49,True,1351
1654860323,54,31,False,1403
1654860340,34,31,True,1420
1654860352,22,49,True,1432
1654860362,17,35,True,1224
1654860362,30,31,True,1442
1654860365,27,20,False,1445
1654860432,49,31,False,1461
1654860522,50,21,True,1538
1654860524,0,49,True,1604
1654860547,14,49,True,1627
1654860553,41,31,True,1582
1654860598,11,31,True,751
1654860634,54,31,True,1714
1654860697,18,31,True,1777
1654860708,38,35,True,1582
1654860715,25,31,True,1782
1654860717,7,20,True,1742
1654860729,6,49,True,1748
1654860750,9,31,False,1830
1654860757,45,49,True,1799
1654860760,29,31,True,1840
1654860761,24,31,False,1797
1654860775,22,20,True,1855
1654860811,34,35,True,1891
1654860826,48,31,True,1578
1654860836,50,22,True,1852
1654860866,13,35,True,1946
1654860867,15,31,True,970
1654860870,3,49,True,1950
1654860872,51,31,True,1913
1654860875,9,31,True,1955
1654860884,24,31,False,1920
1654860945,4,22,True,1808
1654860947,17,49,True,1809
1654860961,4,21,False,1824
1654860977,20,49,True,1968
1654860986,8,21,True,2066
1654861025,24,31,True,2061
1654861030,4,21,False,1893
1654861039,33,31,True,2066
1654861059,43,31,True,1698
1654861070,49,20,False,2099
1654861081,27,21,True,2161
1654861095,49,31,True,2124
1654861105,40,49,True,1916
1654861138,27,20,False,2218
1654861251,19,31,False,2105
1654861273,30,35,True,2353
1654861298,7,22,True,2323
1654861305,6,20,False,2324
1654861316,21,31,True,2367
1654861328,38,49,True,2202
1654861362,15,35,False,1465
1654861402,45,20,True,2444
1654861402,13,31,True,2482
1654861435,34,49,True,2515
1654861436,4,21,False,2299
1654861507,41,35,False,2536
1654861519,25,35,True,2586
1654861631,31,31,True,2711
1654861632,51,35,True,2673
1654861640,14,20,False,2720
1654861644,18,35,True,2724
1654861646,8,22,False,2726
1654861649,54,35,True,2729
1654861673,9,35,True,2753
1654861675,4,21,True,2538
1654861678,11,35,True,1831
1654861682,37,49,True,2762
1654861691,41,35,True,2720
1654861704,33,35,True,2731
1654861752,22,21,True,2832
1654861864,8,22,True,2944
1654861894,48,35,True,2646
1654861938,7,21,True,2963
1654861973,20,20,True,2964
1654862015,28,21,True,3095
1654862022,14,20,True,3102
1654862044,15,35,False,2147
1654862053,22,22,True,3133
1654862058,27,22,True,3138
1654862208,0,21,False,3288
1654862276,54,49,True,3356
1654862290,25,49,True,3357
1654862295,45,21,True,3337
1654862305,30,49,False,3385
1654862326,11,49,True,2479
1654862350,41,49,True,3379
1654862357,27,20,True,3437
1654862408,49,21,True,3437
1654862413,43,35,True,3052
1654862430,13,49,True,3510
1654862444,30,49,True,3524
1654862461,17,20,True,3323
1654862552,12,31,True,2343
1654862553,49,20,True,3582
1654862570,9,49,True,3650
1654862573,8,20,False,3653
1654862647,34,20,True,3727
1654862743,26,31,True,3753
1654862772,19,35,True,3626
1654862775,8,20,False,3855
1654862838,33,49,True,3865
1654862839,20,21,True,3830
1654862863,48,49,True,3615
1654862872,6,21,True,3891
1654862948,15,35,True,3051
1654862964,24,35,False,4000
1654862971,21,35,True,4022
1654862973,16,31,True,4053
1654862988,6,20,True,4007
1654862998,28,22,True,4078
1654863035,14,21,True,4115
1654863038,24,35,False,4074
1654863052,3,21,True,4132
1654863057,18,49,True,4137
1654863119,45,22,True,4161
1654863158,15,49,True,3261
1654863167,43,49,True,3806
1654863241,49,22,True,4270
1654863285,51,49,True,4326
1654863364,17,21,True,4226
1654863416,34,21,True,4496
1654863419,28,20,False,4499
1654863420,26,35,True,4430
1654863437,54,20,True,4517
1654863454,8,20,False,4534
1654863567,37,21,True,4647
1654863571,29,35,False,4651
1654863601,16,35,True,4681
1654863635,28,20,True,4715
1654863673,13,21,True,4753
1654863799,6,22,True,4818
1654863990,24,35,False,5026
1654864101,20,22,False,5092
1654864125,26,49,False,5135
1654864136,8,20,True,5216
1654864153,19,49,False,5007
1654864201,35,21,True,5281
1654864217,26,49,True,5227
1654864225,29,35,False,5305
1654864302,20,22,True,5293
1654864345,12,21,False,4136
1654864479,16,49,True,5559
1654864497,0,20,False,5577
1654864512,14,22,True,5592
1654864539,3,22,True,5619
1654864641,19,31,True,5495
1654864644,29,35,True,5724
1654864649,18,20,False,5729
1654864659,21,49,True,5710
1654864662,19,49,False,5516
1654864674,43,21,False,5313
1654864688,15,20,True,4791
1654864711,40,20,False,5522
1654864767,18,20,True,5847
1654864801,17,22,False,5663
1654864822,0,20,True,5902
1654864863,11,20,True,5016
1654864921,35,22,True,6001
1654864940,0,21,False,6020
1654864974,43,21,True,5613
1654864995,40,20,False,5806
1654865120,37,22,True,6200
1654865198,17,22,True,6060
1654865210,41,20,False,6239
1654865251,35,20,True,6331
1654865292,29,49,True,6372
1654865342,0,22,False,6422
1654865373,12,21,True,5164
1654865381,31,35,True,6461
1654865390,0,22,False,6470
1654865394,34,22,False,6474
1654865402,11,22,False,5555
1654865410,16,20,False,6490
1654865425,15,21,False,5528
1654865427,37,20,False,6507
1654865437,30,21,True,6517
1654865452,16,20,False,6532
1654865479,15,21,True,5582
1654865483,33,21,True,6510
1656069691,32,38,True,55
1656069784,22,38,False,92
1656069787,4,38,True,193
1656069806,49,38,False,53
1656069826,50,38,True,164
1656069882,49,38,False,129
1656069926,0,38,True,347
1656069938,7,38,True,277
1656069969,44,38,True,27
1656070024,45,38,True,450
1656070074,28,38,True,312
1656070135,22,38,True,443
1656070136,17,38,True,262
1656070168,32,39,True,532
1656070203,13,38,True,1467
1656070214,4,39,True,620
1656070271,50,41,False,609
1656070348,7,39,True,687
1656070396,49,38,True,643
1656070412,22,39,True,720
1656070465,45,39,True,891
1656070485,47,38,True,822
1656070494,28,39,True,732
1656070510,27,38,True,760
1656070544,0,39,True,965
1656070554,50,41,False,892
1656070610,17,39,True,736
1656070653,44,39,True,711
1656070671,8,38,True,825
1656070688,49,39,False,935
1656070698,4,41,True,1104
1656070751,7,41,True,1090
1656070771,6,38,True,966
1656070784,32,41,False,1148
1656070810,36,38,False,1217
1656070814,19,38,False,48
1656070868,38,38,True,1168
1656070874,36,38,True,1281
1656070877,45,41,True,1303
1656070956,22,41,True,1264
1656070965,31,38,True,1168
1656071051,33,38,False,1084
1656071072,20,38,True,904
1656071076,17,41,True,1202
1656071116,0,41,True,1537
1656071174,49,39,True,1421
1656071228,32,41,False,1592
1656071253,50,40,True,1591
1656071297,4,40,True,1703
1656071359,35,38,True,1780
1656071391,28,41,True,1629
1656071429,37,39,True,1634
1656071445,38,39,True,1745
1656071450,33,38,True,1483
1656071480,6,39,True,1675
1656071495,13,39,False,2759
1656071497,18,38,False,1901
1656071497,50,41,True,1835
1656071571,29,38,True,1972
1656071588,43,38,True,1995
1656071591,53,38,True,1669
1656071614,8,39,False,1768
1656071632,34,38,False,1866
1656071647,50,39,True,1985
1656071660,44,41,False,1718
1656071661,27,39,True,1911
1656071666,18,38,False,2070
1656071767,7,40,True,2106
1656071831,18,38,False,2235
1656071883,18,38,False,2287
1656071890,35,39,True,2311
1656071930,16,38,False,2175
1656071987,31,39,True,2190
1656072008,47,39,False,2345
1656072018,13,41,False,3282
1656072024,42,38,True,2247
1656072061,27,41,False,2311
1656072088,22,37,True,2396
1656072118,18,38,False,2522
1656072118,16,38,False,2363
1656072127,13,39,True,3391
1656072189,13,41,False,3453
1656072202,6,41,False,2397
1656072227,11,38,True,2066
1656072235,38,41,True,2535
1656072257,43,39,True,2664
1656072267,1,38,False,2582
1656072280,35,41,False,2701
1656072292,19,39,True,1526
1656072317,19,38,True,1551
1656072318,8,39,True,2472
1656072326,14,39,True,3602
1656072342,20,39,False,2174
1656072356,18,38,True,2760
1656072375,8,41,False,2529
1656072375,26,38,False,2711
1656072439,45,40,True,2865
1656072463,27,41,False,2713
1656072464,26,38,False,2800
1656072489,41,39,True,1063
1656072501,20,39,False,2333
1656072585,36,39,True,2992
1656072601,35,41,True,3022
1656072621,53,39,True,2699
1656072624,34,38,False,2858
1656072637,28,40,True,2875
1656072731,27,41,True,2981
1656072737,1,38,False,3052
1656072803,17,40,True,2929
1656072896,29,39,True,3297
1656072898,51,38,True,2962
1656072917,42,39,True,3140
1656072951,50,37,False,3289
1656072974,11,39,True,2813
1656072984,16,38,True,3229
1656073055,20,39,True,2887
1656073092,26,38,False,3428
1656073282,21,38,True,3692
1656073356,37,41,False,3561
1656073361,26,38,True,3697
1656073421,8,41,False,3575
1656073533,36,41,False,3940
1656073539,8,41,False,3693
1656073541,50,37,True,3879
1656073605,33,39,True,3638
1656073623,22,40,True,3931
1656073629,19,41,False,2863
1656073637,31,41,False,3840
1656073655,11,41,False,3494
1656073700,32,41,False,4064
1656073799,36,41,True,4206
1656073940,34,38,True,4174
1656073961,23,38,True,4293
1656073967,11,41,True,3806
1656074056,26,39,True,4392
1656074062,0,40,True,4483
1656074083,20,41,True,3915
1656074141,49,40,False,4388
1656074172,34,39,True,4406
1656074206,32,41,True,4570
1656074210,8,41,False,4364
1656074247,49,40,False,4494
1656074249,42,41,False,4472
1656074257,44,41,True,4315
1656074380,40,38,True,4611
1656074398,33,41,False,4431
1656074401,40,39,True,4632
1656074411,40,41,False,4642
1656074426,40,40,False,4657
1656074464,28,37,False,4702
1656074476,8,41,True,4630
1656074478,18,39,True,4882
1656074510,4,37,True,4916
1656074523,33,41,False,4556
1656074578,13,41,False,5842
1656074582,7,37,False,4921
1656074591,45,37,False,5017
1656074657,40,41,True,4888
1656074763,49,40,False,5010
1656074786,41,41,False,3360
1656074792,31,41,False,4995
1656074826,28,37,False,5064
1656074839,19,41,True,4073
1656074864,31,41,True,5067
1656074899,7,37,True,5238
1656074919,17,37,False,5045
1656074996,13,41,True,6260
1656075149,33,41,True,5182
1656075224,47,39,True,5561
1656075235,53,41,True,5313
1656075287,17,37,False,5413
1656673736,27,43,True,229
1656673741,50,43,True,236
1656673796,4,43,True,265
1656673852,32,43,True,317
1656673876,17,43,True,351
1656673898,0,43,True,398
1656673913,23,43,True,377
1656673933,54,43,True,429
1656673943,42,43,True,410
1656673946,38,43,True,302
1656673978,50,47,True,473
1656673994,27,47,True,487
1656673997,7,43,True,455
1656674001,3,43,True,421
1656674001,41,43,True,490
1656674034,20,43,True,488
1656674039,4,47,True,508
1656674091,35,43,True,597
1656674114,45,43,True,604
1656674180,30,43,True,638
1656674182,18,43,True,690
1656674188,33,43,True,648
1656674233,24,43,False,778
1656674244,31,43,True,735
1656674285,29,43,True,794
1656674314,19,43,True,759
1656674319,32,47,True,784
1656674352,23,47,True,816
1656674412,36,43,True,915
1656674424,4,42,False,893
1656674446,7,47,False,904
1656674452,53,43,True,958
1656674459,38,47,True,815
1656674475,0,47,True,975
1656674539,50,42,False,1034
1656674540,22,43,True,559
1656674570,9,43,True,1081
1656674594,24,43,True,1139
1656674605,7,47,True,1063
1656674636,35,47,True,1142
1656674643,37,43,True,1016
1656674670,47,43,True,1231
1656674682,14,43,True,1200
1656674748,16,43,True,1065
1656674758,27,42,True,1251
1656674763,21,43,True,1230
1656674771,42,47,True,1238
1656674783,45,47,True,1273
1656674804,26,43,False,1239
1656674817,51,43,True,1071
1656674905,34,43,True,1382
1656674916,23,42,False,1380
1656674938,17,47,True,1413
1656675013,49,47,True,1538
1656675039,50,44,False,1534
1656675042,14,47,True,1560
1656675080,6,43,True,735
1656675085,8,43,True,613
1656675093,22,47,True,1112
1656675144,3,47,True,1564
1656675163,36,47,False,1666
1656675188,33,47,True,1648
1656675214,18,47,True,1722
1656675225,11,43,True,624
1656675253,50,42,True,1748
1656675290,36,47,False,1793
1656675300,54,47,False,1796
1656675310,48,43,True,1568
1656675327,13,43,True,1828
1656675377,32,42,False,1842
1656675389,0,42,False,1889
1656675467,4,44,True,1936
1656675472,20,47,True,1926
1656675477,8,47,False,1005
1656675502,22,42,False,1521
1656675537,14,42,False,2055
1656675541,4,42,False,2010
1656675572,49,42,False,2097
1656675574,32,42,True,2039
1656675580,4,42,False,2049
1656675597,17,42,True,2072
1656675605,50,45,True,2100
1656675686,54,47,True,2182
1656675709,4,42,False,2178
1656675745,4,42,True,2214
1656675754,0,42,False,2254
1656675835,7,42,True,2293
1656675840,38,42,False,2196
1656675856,9,47,True,2367
1656675856,42,42,True,2323
1656675894,45,42,False,2384
1656675920,23,44,False,2384
1656675927,14,42,False,2445
1656675961,38,42,True,2317
1656675962,47,47,True,2523
1656675981,23,42,True,2445
1656676022,30,47,True,2480
1656676073,0,42,True,2573
1656676135,23,44,False,2599
1656676157,37,47,True,2530
1656676158,54,42,True,2654
1656676162,34,47,True,2639
1656676177,15,43,False,1756
1656676186,45,42,False,2676
1656676191,8,42,True,1719
1656676209,16,42,True,2526
1656676237,3,42,True,2657
1656676254,45,42,True,2744
1656676259,23,44,False,2723
1656676270,19,47,True,2715
1656676279,22,44,True,2298
1656676292,23,44,False,2756
1656676292,13,47,True,2793
1656676294,8,47,True,1822
1656676326,36,47,True,2829
1656676332,50,44,True,2827
1656676369,22,42,False,2388
1656676428,32,44,False,2893
1656676434,17,44,False,2909
1656676467,42,44,True,2934
1656676468,50,46,True,2963
1656676471,49,42,True,2996
1656676479,14,44,False,2997
1656676482,6,47,True,2137
1656676502,23,44,True,2966
1656676540,35,42,True,3046
1656676573,36,42,False,3076
1656676574,31,47,True,3065
1656676683,22,42,True,2702
1656676710,27,45,False,3203
1656676780,7,44,True,3238
1656676798,14,42,False,3316
1656676886,20,42,True,3340
1656676909,37,42,True,3282
1656676946,14,44,False,3464
1656677064,0,44,True,3564
1656677070,6,42,False,2725
1656677070,14,42,False,3588
1656677071,36,42,True,3574
1656677077,47,42,False,3638
1656677083,4,45,False,3552
1656677163,29,47,True,3672
1656677173,45,44,True,3663
1656677199,9,42,True,3710
1656677235,52,43,True,3676
1656677259,16,44,False,3576
1656677279,22,45,False,3298
1656677289,18,42,False,3797
1656677344,18,42,True,3852
1656677434,27,46,False,3927
1656677442,48,47,True,3700
1656677464,24,47,True,4009
1656677483,51,47,True,3737
1656677568,16,44,False,3885
1656677627,14,42,True,4145
1656677632,27,46,True,4125
1656677660,23,46,True,4124
1656677688,8,44,True,3216
1656677752,30,42,False,4210
1656677757,32,45,True,4222
1656677772,34,42,False,4249
1656677775,3,44,True,4195
1656677827,19,42,False,4272
1656677827,24,42,True,4372
1656677846,35,44,True,4352
1656677868,31,42,False,4359
1656677870,30,42,True,4328
1656677906,49,44,False,4431
1656677918,33,42,True,4378
1656678032,34,42,False,4509
1656678044,20,44,True,4498
1656678077,32,44,False,4542
1656678097,34,42,False,4574
1656678100,31,42,True,4591
1656678113,12,43,True,3074
1656678120,6,44,False,3775
1656678146,0,45,True,4646
1656678146,21,47,True,4613
1656678181,27,44,False,4674
1656678262,14,44,True,4780
1656678268,13,42,False,4769
1656678274,4,46,False,4743
1656678294,32,44,True,4759
1656678296,6,42,False,3951
1656678297,49,44,False,4822
1656678303,42,46,False,4770
1656678326,4,45,False,4795
1656678345,11,47,True,3744
1656678353,11,42,True,3752
1656678392,19,42,True,4837
1656678415,17,45,True,4890
1656678417,4,45,True,4886
1656678466,22,46,True,4485
1656678532,37,44,True,4905
1656678537,34,42,True,5014
1656678559,4,46,False,5028
1656678632,22,45,True,4651
1656678656,42,46,False,5123
1656678709,49,44,False,5234
1656678744,27,44,True,5237
1656678811,51,42,False,5065
1656678824,40,43,True,3970
1656678831,40,47,False,3977
1656678838,40,42,True,3984
1656678847,40,44,False,3993
1656678852,4,46,False,5321
1656678854,54,46,False,5350
1656678873,15,47,True,4452
1656678914,51,42,False,5168
1656678925,16,44,False,5242
1656678936,6,42,False,4591
1656678942,15,43,True,4521
1656678992,54,46,False,5488
1656678999,42,46,False,5466
1656679010,6,44,True,4665
1656679020,8,45,True,4548
1656679029,29,42,True,5538
1656679036,0,46,True,5536
1656679046,40,47,True,4192
1656679100,51,42,False,5354
1656679103,7,45,True,5561
1656679131,54,46,True,5627
1656679139,49,43,True,5664
1656679186,40,44,True,4332
1656679252,35,45,False,5758
1656679265,20,45,True,5719
1656679276,47,44,True,5837
1656679354,16,44,True,5671
1656679356,33,44,True,5816
1656679357,32,46,True,5822
1656679375,17,46,True,5850
1656679397,51,42,True,5651
1656679473,49,44,False,5998
1656679510,41,45,True,5999
1656679518,18,44,True,6026
1656679524,16,46,False,5841
1656679538,37,45,True,5911
1656679585,45,46,True,6075
1656679617,36,44,False,6120
1656679644,35,45,False,6150
1656679709,30,44,True,6167
1656679733,17,44,True,6208
1656679759,36,44,False,6262
1656679798,16,46,False,6115
1656679800,35,45,False,6306
1656679846,13,42,False,6347
1656679860,54,45,True,6356
1656679899,12,47,True,4860
1656679909,20,46,True,6363
1656679916,47,42,True,6477
1656679942,53,47,True,6448
1656679968,27,45,False,6461
1656680009,27,45,False,6502
1657883694,49,54,False,714
1657883704,27,54,True,710
1657883807,7,54,True,825
1657883864,22,54,True,642
1657883947,17,54,True,967
1657884027,37,54,True,1034
1657884046,49,54,True,1066
1657884099,27,55,True,1105
1657884099,0,54,True,1119
1657884150,20,54,True,1103
1657884179,28,54,True,694
1657884197,22,55,True,975
1657884276,4,54,True,921
1657884310,30,54,True,1283
1657884375,33,54,True,1395
1657884456,41,54,True,1476
1657884490,18,54,False,1510
1657884670,19,54,True,1689
1657884678,25,54,True,1698
1657884696,32,54,True,1716
1657884700,38,54,True,1491
1657884713,4,55,True,1358
1657884723,22,56,True,1501
1657884730,35,54,True,1750
1657884745,7,55,True,1763
1657884746,18,54,False,1766
1657884748,17,55,False,1768
1657884785,49,55,False,1805
1657884791,27,56,True,1797
1657884821,28,55,True,1336
1657884851,45,54,True,1492
1657884875,13,54,True,1784
1657884900,42,55,True,1686
1657885051,53,54,True,2071
1657885064,8,54,False,1905
1657885095,18,54,True,2115
1657885098,49,55,False,2118
1657885120,47,54,True,2106
1657885163,11,54,False,1548
1657885185,4,56,False,1830
1657885231,21,54,True,2229
1657885244,14,54,True,2034
1657885271,0,55,False,2291
1657885287,32,55,True,2307
1657885341,44,54,True,2274
1657885376,35,55,False,2396
1657885401,0,55,True,2421
1657885468,31,54,False,2488
1657885479,9,54,True,2496
1657885483,45,55,True,2124
1657885492,28,56,False,2007
1657885498,22,57,False,2276
1657885502,49,55,True,2522
1657885512,23,55,True,2483
1657885535,43,54,True,1838
1657885536,17,56,False,2556
1657885539,35,55,True,2559
1657885545,29,54,False,2565
1657885582,8,55,True,2423
1657885621,31,54,True,2641
1657885621,38,55,True,2412
1657885630,16,54,True,2611
1657885662,3,55,False,2662
1657885738,8,54,True,2579
1657885740,7,56,True,2758
1657885740,25,55,True,2760
1657885816,17,55,True,2836
1657885817,4,57,False,2462
1657885874,13,55,False,2783
1657885911,22,59,True,2689
1657885951,30,55,True,2924
1657885968,24,54,True,2988
1657885988,32,56,True,3008
1657886005,4,57,False,2650
1657886020,15,54,False,2415
1657886037,17,56,True,3057
1657886084,29,54,False,3104
1657886101,33,55,True,3121
1657886110,47,55,False,3096
1657886234,42,56,False,3020
1657886282,45,56,True,2923
1657886286,14,55,True,3076
1657886300,51,55,False,3184
1657886302,8,56,True,3143
1657886309,20,55,True,3262
1657886361,28,57,True,2876
1657886390,11,55,True,2775
1657886483,35,56,True,3503
1657886489,15,54,True,2884
1657886541,13,56,False,3450
1657886574,25,56,False,3594
1657886590,49,56,False,3610
1657886609,18,55,True,3629
1657886616,51,55,False,3500
1657886650,6,54,True,2386
1657886659,21,55,True,3657
1657886729,4,56,False,3374
1657886781,27,57,False,3787
1657886797,38,56,False,3588
1657886807,51,55,False,3691
1657886816,44,55,False,3749
1657886856,49,56,False,3876
1657886867,32,57,True,3887
1657886887,23,56,True,3858
1657886896,42,56,True,3682
1657886923,43,55,True,3226
1657886983,49,56,False,4003
1657887000,4,56,True,3645
1657887072,40,54,False,4057
1657887082,40,55,True,4067
1657887083,4,57,True,3728
1657887090,40,56,False,4075
1657887090,1,54,False,3898
1657887114,51,55,False,3998
1657887117,3,55,True,4117
1657887189,28,59,True,3704
1657887212,9,55,True,4229
1657887218,13,55,False,4127
1657887285,13,55,False,4194
1657887286,41,55,False,4306
1657887307,4,59,True,3952
1657887310,24,55,True,4330
1657887314,6,55,False,3050
1657887367,17,57,True,4387
1657887377,27,57,False,4383
1657887413,47,56,True,4399
1657887422,45,57,False,4063
1657887441,41,55,False,4461
1657887455,13,55,True,4364
1657887463,27,57,False,4469
1657887471,37,56,False,4478
1657887505,3,56,False,4505
1657887519,45,57,False,4160
1657887532,49,56,True,4552
1657887549,20,56,True,4502
1657887562,47,55,False,4548
1657887564,1,54,True,4372
1657887571,32,59,False,4591
1657887595,33,56,True,4615
1657887632,0,56,False,4652
1657887642,27,57,True,4648
1657887654,19,56,True,4673
1657887662,44,56,True,4595
1657887721,51,55,True,4605
1657887729,23,59,True,4700
1657887773,41,55,False,4793
1657887811,47,55,True,4797
1657887812,22,57,False,4590
1657887827,32,59,False,4847
1657887829,44,55,True,4762
1657887898,19,55,True,4917
1657887950,32,59,True,4970
1657887960,30,56,True,4933
1657888020,18,56,False,5040
1657888036,17,59,True,5056
1657888051,35,57,True,5071
1657888084,25,57,False,5104
1657888086,6,55,True,3822
1657888097,43,56,False,4400
1657888117,31,55,True,5137
1657888138,3,56,False,5138
1657888153,38,57,False,4944
1657888187,0,56,False,5207
1657888205,22,58,True,4983
1657888216,43,56,False,4519
1657888244,4,58,False,4889
1657888256,37,55,False,5263
1657888259,42,59,True,5045
1657888282,40,56,True,5267
1657888306,31,56,False,5326
1657888313,14,56,False,5103
1657888340,0,56,True,5360
1657888343,4,58,True,4988
1657888363,13,56,False,5272
1657888366,51,54,True,5250
1657888367,40,54,True,5352
1657888370,38,57,True,5161
1657888389,45,57,True,5030
1657888405,37,55,True,5412
1657888463,22,57,True,5241
1657888465,28,58,True,4980
1657888491,49,57,False,5511
1657888493,14,56,True,5283
1657888527,18,56,True,5547
1657888536,3,56,False,5536
1657888641,28,56,True,5156
1657888648,3,56,False,5648
1657888652,31,56,False,5672
1657888726,38,56,False,5517
1657888729,37,56,False,5736
1657888730,34,55,True,5701
1657888780,11,54,True,5165
1657888797,11,56,False,5182
1657888819,38,56,False,5610
1657888878,31,56,False,5898
1657888908,38,56,True,5699
1657888927,35,59,False,5947
1657888952,37,56,True,5959
1657888989,42,54,True,5775
1657889027,3,56,False,6027
1657889039,25,57,False,6059
1657889092,53,55,True,6112
1657889104,27,59,True,6110
1657889118,11,56,True,5503
1657889130,49,57,True,6150
1657889133,31,56,True,6153
1657889252,52,54,False,6269
1657889382,38,59,True,6173
1657889404,17,58,False,6424
1657889414,25,57,True,6434
1657889470,49,59,True,6490
1657889476,34,56,True,6447
1657889505,7,59,True,6523
1657889520,16,55,False,6501
1657889527,16,56,True,6508
1657889567,13,56,True,6476
1657889576,17,58,True,6596
1658488264,50,63,True,484
1658488484,17,63,True,704
1658488541,7,63,True,748
1658488744,20,63,True,964
1658488813,45,63,True,864
1658488846,49,63,False,999
1658488846,50,61,False,1066
1658488891,30,63,False,1111
1658488900,22,63,False,1120
1658488968,25,63,True,1160
1658489006,17,61,True,1226
1658489060,16,63,True,1232
1658489091,38,63,False,1228
1658489105,30,63,True,1325
1658489127,35,63,True,1189
1658489144,54,63,False,1364
1658489213,13,63,True,1403
1658489267,49,63,False,1420
1658489315,3,63,True,1535
1658489334,19,63,False,1554
1658489342,32,63,False,1562
1658489377,4,63,True,967
1658489377,18,63,True,1597
1658489377,0,63,True,1597
1658489452,38,63,True,1589
1658489516,54,63,True,1736
1658489537,24,63,True,1757
1658489552,32,63,True,1772
1658489584,53,63,True,1786
1658489588,40,63,True,1013
1658489604,22,61,True,1824
1658489606,49,63,False,1759
1658489606,19,63,True,1826
1658489705,9,63,False,1843
1658489739,50,62,True,1959
1658489750,37,63,True,1809
1658489755,50,61,True,1975
1658489805,17,62,True,2025
1658489843,51,63,True,2020
1658489854,7,61,True,2061
1658489858,49,63,False,2011
1658489928,8,63,False,1737
1658489986,20,61,False,2206
1658490007,45,61,True,2058
1658490017,50,60,True,2237
1658490032,8,63,True,1841
1658490052,22,62,True,2272
1658490111,6,63,True,2331
1658490137,49,61,False,2290
1658490137,9,63,True,2275
1658490141,4,61,True,1731
1658490164,25,61,True,2356
1658490197,34,63,False,2076
1658490225,7,62,True,2432
1658490313,53,62,True,2515
1658490315,34,63,False,2194
1658490329,49,63,True,2482
1658490337,49,61,False,2490
1658490339,43,63,True,1934
1658490483,22,60,True,2703
1658490545,28,61,True,1777
1658490560,35,61,True,2622
1658490587,21,63,False,2380
1658490647,45,62,False,2698
1658490725,34,63,False,2604
1658490729,25,62,True,2921
1658490774,50,64,False,2994
1658490784,17,60,True,3004
1658490826,49,61,False,2979
1658490828,20,62,True,3048
1658490837,32,61,True,3057
1658490841,38,61,True,2978
1658490843,50,64,False,3063
1658490860,35,62,True,2922
1658490886,40,61,True,2311
1658490897,22,63,False,3117
1658490939,54,61,False,3159
1658490989,45,62,False,3040
1658491013,37,61,True,3072
1658491018,54,61,False,3238
1658491033,22,63,True,3253
1658491042,4,62,True,2632
1658491072,48,63,True,1839
1658491080,45,62,False,3131
1658491171,45,62,False,3222
1658491207,49,61,True,3360
1658491209,7,60,True,3416
1658491232,28,62,True,2464
1658491242,45,62,True,3293
1658491253,4,60,True,2843
1658491313,50,64,True,3533
1658491321,54,62,True,3541
1658491324,36,63,False,3544
1658491338,40,62,True,2763
1658491347,0,61,True,3567
1658491361,13,61,False,3551
1658491406,6,61,False,3626
1658491478,3,62,True,3698
1658491552,37,62,True,3611
1658491572,36,63,False,3792
1658491658,13,61,True,3848
1658491667,28,60,True,2899
1658491681,7,64,False,3888
1658491693,43,61,False,3288
1658491700,16,61,False,3872
1658491739,32,62,True,3959
1658491739,8,62,False,3548
1658491744,51,61,False,3921
1658491760,43,62,True,3355
1658491845,49,62,True,3998
1658491863,28,63,False,3095
1658491882,16,61,True,4054
1658491886,18,61,False,4106
1658491887,45,60,True,3938
1658491892,8,62,True,3701
1658491901,7,64,True,4108
1658491932,17,64,True,4152
1658491941,30,61,True,4161
1658492031,35,60,True,4093
1658492032,21,63,True,3825
1658492041,38,62,True,4178
1658492078,20,60,True,4298
1658492123,9,61,False,4261
1658492160,8,61,True,3969
1658492180,34,61,True,4059
1658492186,24,61,False,4406
1658492200,49,60,False,4353
1658492270,32,60,False,4490
1658492335,40,60,True,3760
1658492366,49,60,False,4519
1658492377,9,61,False,4515
1658492404,4,64,True,3994
1658492506,34,63,True,4385
1658492507,32,60,False,4727
1658492509,24,61,False,4729
1658492550,49,60,False,4703
1658492572,9,61,True,4710
1658492587,6,62,True,4807
1658492616,0,62,True,4836
1658492622,18,62,True,4842
1658492639,43,60,False,4234
1658492639,21,61,True,4432
1658492662,36,63,False,4882
1658492719,30,62,False,4939
1658492743,38,60,True,4880
1658492757,32,60,False,4977
1658492761,49,60,False,4914
1658492766,25,60,True,4958
1658492815,51,62,True,4992
1658492828,30,62,False,5048
1658492860,43,60,False,4455
1658492896,28,63,False,4128
1658492899,22,64,True,5119
1658492967,15,63,False,2992
1658492982,16,62,True,5154
1658492992,49,60,True,5145
1658493070,28,63,True,4302
1658493078,3,60,True,5298
1658493083,18,61,True,5303
1658493091,13,62,False,5281
1658493091,52,63,True,4833
1658493095,19,62,False,5315
1658493129,24,61,False,5349
1658493178,6,61,True,5398
1658493207,21,62,True,5000
1658493219,43,60,True,4814
1658493245,24,61,True,5465
1658493291,32,60,True,5511
1658493310,0,60,True,5530
1658493327,36,63,False,5547
1658493329,20,61,True,5549
1658493332,19,61,True,5552
1658493345,34,62,True,5224
1658493358,54,60,False,5578
1658493360,15,63,False,3385
1658493439,30,62,False,5659
1658493442,19,62,False,5662
1658493468,13,62,True,5658
1658493575,54,60,True,5795
1658493605,30,62,True,5825
1658493624,24,62,True,5844
1658493689,28,64,True,4921
1658493783,47,63,False,3382
1658493810,35,64,True,5872
1658493947,19,62,True,6167
1658493986,54,64,False,6206
1658494081,3,61,True,6301
1658494099,53,60,True,6301
1658494103,47,63,False,3702
1658494187,30,60,True,6407
1659093181,4,73,True,601
1659093386,49,73,False,806
1659093408,27,73,True,813
1659093515,40,73,False,935
1659093551,49,73,False,971
1659093640,32,73,False,1060
1659093730,7,73,False,1150
1659093818,50,73,False,911
1659093831,4,71,True,1251
1659093933,40,73,False,1353
1659094010,50,73,True,1103
1659094021,32,73,True,1441
1659094161,40,73,False,1581
1659094208,17,73,True,1608
1659094218,49,73,False,1638
1659094225,22,73,True,1489
1659094231,30,73,True,1641
1659094301,27,71,False,1706
1659094309,35,73,True,1696
1659094341,14,73,False,1761
1659094353,0,73,True,1773
1659094368,4,74,True,1788
1659094434,38,73,True,1470
1659094462,45,73,True,1847
1659094513,42,73,False,1832
1659094537,40,73,False,1957
1659094562,49,73,True,1982
1659094664,28,73,True,1265
1659094817,50,71,False,1910
1659094829,16,73,True,2185
1659094858,27,74,False,2263
1659094871,32,71,True,2291
1659094888,20,73,True,2048
1659094890,25,73,True,2310
1659094965,40,73,False,2385
1659095000,27,74,True,2405
1659095001,42,73,False,2320
1659095017,22,71,True,2281
1659095037,27,71,False,2442
1659095048,44,73,False,2412
1659095056,7,74,True,2476
1659095090,9,73,False,2396
1659095171,18,73,True,2549
1659095217,17,71,True,2617
1659095300,31,73,True,2588
1659095332,43,73,False,1857
1659095333,35,71,True,2720
1659095341,40,73,False,2761
1659095412,8,73,False,1801
1659095441,44,73,True,2805
1659095452,4,72,True,2872
1659095473,41,73,True,2893
1659095521,9,73,True,2827
1659095530,43,73,False,2055
1659095621,0,71,True,3041
1659095626,43,73,True,2151
1659095634,38,71,True,2670
1659095644,36,73,False,2698
1659095781,50,74,True,2874
1659095786,29,73,True,3206
1659095796,42,73,False,3115
1659095850,32,74,True,3270
1659095931,45,71,True,3316
1659095950,17,74,True,3350
1659095976,42,73,False,3295
1659096001,53,73,True,2836
1659096113,54,73,False,3533
1659096134,42,73,False,3453
1659096162,28,71,True,2763
1659096165,36,73,False,3219
1659096166,3,74,False,3376
1659096167,7,73,True,3587
1659096182,40,73,False,3602
1659096282,30,71,True,3692
1659096299,14,71,True,3719
1659096326,14,73,True,3746
1659096350,3,74,True,3560
1659096356,42,73,True,3675
1659096368,54,73,False,3788
1659096383,24,73,False,3803
1659096400,21,73,False,3742
1659096597,21,73,True,3939
1659096645,54,73,False,4065
1659096686,51,73,False,3952
1659096723,36,73,False,3777
1659096753,20,71,False,3913
1659096774,54,73,True,4194
1659096776,40,73,False,4196
1659096791,51,73,False,4057
1659096801,38,74,False,3837
1659096809,8,71,True,3198
1659096841,24,73,True,4261
1659096853,36,73,False,3907
1659096861,25,71,True,4281
1659096900,35,74,True,4287
1659096935,40,73,True,4355
1659096969,34,73,False,4389
1659097045,8,73,True,3434
1659097097,38,74,False,4133
1659097146,34,73,False,4566
1659097163,36,73,False,4217
1659097165,45,74,True,4550
1659097168,37,73,True,4527
1659097181,43,74,True,3706
1659097226,51,73,True,4492
1659097273,33,71,True,4643
1659097381,22,72,True,4645
1659097387,34,73,True,4807
1659097437,38,74,True,4473
1659097439,18,71,True,4817
1659097441,44,71,True,4805
1659097451,40,71,True,4871
1659097646,14,74,False,5066
1659097713,27,72,False,5118
1659097773,24,74,False,5193
1659097813,32,72,False,5233
1659097833,42,74,True,5152
1659097872,0,74,True,5292
1659097881,27,72,True,5286
1659097881,25,74,True,5301
1659097912,41,71,True,5332
1659097926,32,72,False,5346
1659097943,50,72,False,5036
1659097959,14,74,True,5379
1659097976,11,73,False,3811
1659098041,32,72,False,5461
1659098093,22,74,True,5357
1659098093,17,72,True,5493
1659098126,24,74,True,5546
1659098181,11,73,False,4016
1659098217,50,71,True,5310
1659098244,9,74,False,5550
1659098262,32,72,False,5682
1659098270,11,73,False,4105
1659098295,50,72,False,5388
1659098321,27,71,True,5726
1659098364,50,72,False,5457
1659098401,36,71,False,5455
1659098410,50,72,False,5503
1659098436,20,71,True,5596
1659098489,11,73,False,4324
1659098552,50,72,True,5645
1659098592,11,73,False,4427
1659098608,36,71,False,5662
1659098687,3,73,False,5897
1659098698,9,74,True,6004
1659098740,21,71,True,6082
1659098799,32,72,True,6219
1659098984,3,73,False,6194
1659099011,37,71,True,6370
1659099018,48,73,True,3500
1659099031,45,72,True,6416
1659099143,35,72,False,6530
1659099143,11,73,True,4978
1659099171,31,74,True,6459
